{
  "editor": {
    "allAngles": false,
    "entityTextureMode": false
  },
  "textureWidth": 16,
  "textureHeight": 16,
  "textureSizes": {
  },
  "textures": {
    "iron1": "game:block/metal/sheet-plain/iron1",
    "generic1": "game:block/wood/planks/aged/generic1"
  },
  "elements": [
    {
      "name": "Axle",
      "from": [ 6.0, 6.0, 0.0 ],
      "to": [ 10.0, 10.0, 16.0 ],
      "rotationOrigin": [ 8.0, 8.0, 0.0 ],
      "faces": {
        "north": {
          "texture": "#iron1",
          "uv": [ 0.0, 0.0, 4.0, 4.0 ]
        },
        "east": {
          "texture": "#iron1",
          "uv": [ 0.0, 0.0, 16.0, 4.0 ]
        },
        "south": {
          "texture": "#iron1",
          "uv": [ 0.0, 0.0, 4.0, 4.0 ]
        },
        "west": {
          "texture": "#iron1",
          "uv": [ 0.0, 0.0, 16.0, 4.0 ]
        },
        "up": {
          "texture": "#iron1",
          "uv": [ 0.0, 0.0, 4.0, 16.0 ]
        },
        "down": {
          "texture": "#iron1",
          "uv": [ 0.0, 0.0, 4.0, 16.0 ]
        }
      },
      "children": [
        {
          "name": "Panel0",
          "from": [ 1.5, 20.0, 3.0 ],
          "to": [ 2.5, 26.0, 13.0 ],
          "rotationOrigin": [ 2.0, 1.0, 3.0 ],
          "faces": {
            "north": {
              "texture": "#generic1",
              "uv": [ 0.0, 0.0, 1.0, 6.0 ]
            },
            "east": {
              "texture": "#generic1",
              "uv": [ 0.0, 0.0, 10.0, 6.0 ]
            },
            "south": {
              "texture": "#generic1",
              "uv": [ 0.0, 0.0, 1.0, 6.0 ]
            },
            "west": {
              "texture": "#generic1",
              "uv": [ 0.0, 0.0, 10.0, 6.0 ]
            },
            "up": {
              "texture": "#generic1",
              "uv": [ 0.0, 0.0, 1.0, 10.0 ]
            },
            "down": {
              "texture": "#generic1",
              "uv": [ 0.0, 0.0, 1.0, 10.0 ]
            }
          }
        },
        {
          "name": "Panel1",
          "from": [ 1.5, 20.0, 2.0 ],
          "to": [ 2.5, 26.0, 14.0 ],
          "rotationOrigin": [ 2.0, 2.0, 3.0 ],
          "rotationZ": 22.5,
          "faces": {
            "north": {
              "texture": "#generic1",
              "uv": [ 0.0, 0.0, 1.0, 6.0 ]
            },
            "east": {
              "texture": "#generic1",
              "uv": [ 0.0, 0.0, 12.0, 6.0 ]
            },
            "south": {
              "texture": "#generic1",
              "uv": [ 0.0, 0.0, 1.0, 6.0 ]
            },
            "west": {
              "texture": "#generic1",
              "uv": [ 0.0, 0.0, 12.0, 6.0 ]
            },
            "up": {
              "texture": "#generic1",
              "uv": [ 0.0, 0.0, 1.0, 12.0 ]
            },
            "down": {
              "texture": "#generic1",
              "uv": [ 0.0, 0.0, 1.0, 12.0 ]
            }
          }
        },
        {
          "name": "Panel2",
          "from": [ 1.5, 20.0, 2.0 ],
          "to": [ 2.5, 26.0, 14.0 ],
          "rotationOrigin": [ 2.0, 2.0, 3.0 ],
          "rotationZ": 45.0,
          "faces": {
            "north": {
              "texture": "#generic1",
              "uv": [ 0.0, 0.0, 1.0, 6.0 ]
            },
            "east": {
              "texture": "#generic1",
              "uv": [ 0.0, 0.0, 12.0, 6.0 ]
            },
            "south": {
              "texture": "#generic1",
              "uv": [ 0.0, 0.0, 1.0, 6.0 ]
            },
            "west": {
              "texture": "#generic1",
              "uv": [ 0.0, 0.0, 12.0, 6.0 ]
            },
            "up": {
              "texture": "#generic1",
              "uv": [ 0.0, 0.0, 1.0, 12.0 ]
            },
            "down": {
              "texture": "#generic1",
              "uv": [ 0.0, 0.0, 1.0, 12.0 ]
            }
          }
        },
        {
          "name": "Panel3",
          "from": [ 1.5, 20.0, 2.0 ],
          "to": [ 2.5, 26.0, 14.0 ],
          "rotationOrigin": [ 2.0, 2.0, 3.0 ],
          "rotationZ": 67.5,
          "faces": {
            "north": {
              "texture": "#generic1",
              "uv": [ 0.0, 0.0, 1.0, 6.0 ]
            },
            "east": {
              "texture": "#generic1",
              "uv": [ 0.0, 0.0, 12.0, 6.0 ]
            },
            "south": {
              "texture": "#generic1",
              "uv": [ 0.0, 0.0, 1.0, 6.0 ]
            },
            "west": {
              "texture": "#generic1",
              "uv": [ 0.0, 0.0, 12.0, 6.0 ]
            },
            "up": {
              "texture": "#generic1",
              "uv": [ 0.0, 0.0, 1.0, 12.0 ]
            },
            "down": {
              "texture": "#generic1",
              "uv": [ 0.0, 0.0, 1.0, 12.0 ]
            }
          }
        },
        {
          "name": "Panel4",
          "from": [ 1.5, 20.0, 2.0 ],
          "to": [ 2.5, 26.0, 14.0 ],
          "rotationOrigin": [ 2.0, 2.0, 3.0 ],
          "rotationZ": 90.0,
          "faces": {
            "north": {
              "texture": "#generic1",
              "uv": [ 0.0, 0.0, 1.0, 6.0 ]
            },
            "east": {
              "texture": "#generic1",
              "uv": [ 0.0, 0.0, 12.0, 6.0 ]
            },
            "south": {
              "texture": "#generic1",
              "uv": [ 0.0, 0.0, 1.0, 6.0 ]
            },
            "west": {
              "texture": "#generic1",
              "uv": [ 0.0, 0.0, 12.0, 6.0 ]
            },
            "up": {
              "texture": "#generic1",
              "uv": [ 0.0, 0.0, 1.0, 12.0 ]
            },
            "down": {
              "texture": "#generic1",
              "uv": [ 0.0, 0.0, 1.0, 12.0 ]
            }
          }
        },
        {
          "name": "Panel5",
          "from": [ 1.5, 20.0, 2.0 ],
          "to": [ 2.5, 26.0, 14.0 ],
          "rotationOrigin": [ 2.0, 2.0, 3.0 ],
          "rotationZ": 112.5,
          "faces": {
            "north": {
              "texture": "#generic1",
              "uv": [ 0.0, 0.0, 1.0, 6.0 ]
            },
            "east": {
              "texture": "#generic1",
              "uv": [ 0.0, 0.0, 12.0, 6.0 ]
            },
            "south": {
              "texture": "#generic1",
              "uv": [ 0.0, 0.0, 1.0, 6.0 ]
            },
            "west": {
              "texture": "#generic1",
              "uv": [ 0.0, 0.0, 12.0, 6.0 ]
            },
            "up": {
              "texture": "#generic1",
              "uv": [ 0.0, 0.0, 1.0, 12.0 ]
            },
            "down": {
              "texture": "#generic1",
              "uv": [ 0.0, 0.0, 1.0, 12.0 ]
            }
          }
        },
        {
          "name": "Panel6",
          "from": [ 1.5, 20.0, 2.0 ],
          "to": [ 2.5, 26.0, 14.0 ],
          "rotationOrigin": [ 2.0, 2.0, 3.0 ],
          "rotationZ": 135.0,
          "faces": {
            "north": {
              "texture": "#generic1",
              "uv": [ 0.0, 0.0, 1.0, 6.0 ]
            },
            "east": {
              "texture": "#generic1",
              "uv": [ 0.0, 0.0, 12.0, 6.0 ]
            },
            "south": {
              "texture": "#generic1",
              "uv": [ 0.0, 0.0, 1.0, 6.0 ]
            },
            "west": {
              "texture": "#generic1",
              "uv": [ 0.0, 0.0, 12.0, 6.0 ]
            },
            "up": {
              "texture": "#generic1",
              "uv": [ 0.0, 0.0, 1.0, 12.0 ]
            },
            "down": {
              "texture": "#generic1",
              "uv": [ 0.0, 0.0, 1.0, 12.0 ]
            }
          }
        },
        {
          "name": "Panel7",
          "from": [ 1.5, 20.0, 2.0 ],
          "to": [ 2.5, 26.0, 14.0 ],
          "rotationOrigin": [ 2.0, 2.0, 3.0 ],
          "rotationZ": 157.5,
          "faces": {
            "north": {
              "texture": "#generic1",
              "uv": [ 0.0, 0.0, 1.0, 6.0 ]
            },
            "east": {
              "texture": "#generic1",
              "uv": [ 0.0, 0.0, 12.0, 6.0 ]
            },
            "south": {
              "texture": "#generic1",
              "uv": [ 0.0, 0.0, 1.0, 6.0 ]
            },
            "west": {
              "texture": "#generic1",
              "uv": [ 0.0, 0.0, 12.0, 6.0 ]
            },
            "up": {
              "texture": "#generic1",
              "uv": [ 0.0, 0.0, 1.0, 12.0 ]
            },
            "down": {
              "texture": "#generic1",
              "uv": [ 0.0, 0.0, 1.0, 12.0 ]
            }
          }
        },
        {
          "name": "Panel8",
          "from": [ 1.5, 20.0, 2.0 ],
          "to": [ 2.5, 26.0, 14.0 ],
          "rotationOrigin": [ 2.0, 2.0, 3.0 ],
          "rotationZ": -180.0,
          "faces": {
            "north": {
              "texture": "#generic1",
              "uv": [ 0.0, 0.0, 1.0, 6.0 ]
            },
            "east": {
              "texture": "#generic1",
              "uv": [ 0.0, 0.0, 12.0, 6.0 ]
            },
            "south": {
              "texture": "#generic1",
              "uv": [ 0.0, 0.0, 1.0, 6.0 ]
            },
            "west": {
              "texture": "#generic1",
              "uv": [ 0.0, 0.0, 12.0, 6.0 ]
            },
            "up": {
              "texture": "#generic1",
              "uv": [ 0.0, 0.0, 1.0, 12.0 ]
            },
            "down": {
              "texture": "#generic1",
              "uv": [ 0.0, 0.0, 1.0, 12.0 ]
            }
          }
        },
        {
          "name": "Panel9",
          "from": [ 1.5, 20.0, 2.0 ],
          "to": [ 2.5, 26.0, 14.0 ],
          "rotationOrigin": [ 2.0, 2.0, 3.0 ],
          "rotationZ": -22.5,
          "faces": {
            "north": {
              "texture": "#generic1",
              "uv": [ 0.0, 0.0, 1.0, 6.0 ]
            },
            "east": {
              "texture": "#generic1",
              "uv": [ 0.0, 0.0, 12.0, 6.0 ]
            },
            "south": {
              "texture": "#generic1",
              "uv": [ 0.0, 0.0, 1.0, 6.0 ]
            },
            "west": {
              "texture": "#generic1",
              "uv": [ 0.0, 0.0, 12.0, 6.0 ]
            },
            "up": {
              "texture": "#generic1",
              "uv": [ 0.0, 0.0, 1.0, 12.0 ]
            },
            "down": {
              "texture": "#generic1",
              "uv": [ 0.0, 0.0, 1.0, 12.0 ]
            }
          }
        },
        {
          "name": "Panel10",
          "from": [ 1.5, 20.0, 2.0 ],
          "to": [ 2.5, 26.0, 14.0 ],
          "rotationOrigin": [ 2.0, 2.0, 3.0 ],
          "rotationZ": -45.0,
          "faces": {
            "north": {
              "texture": "#generic1",
              "uv": [ 0.0, 0.0, 1.0, 6.0 ]
            },
            "east": {
              "texture": "#generic1",
              "uv": [ 0.0, 0.0, 12.0, 6.0 ]
            },
            "south": {
              "texture": "#generic1",
              "uv": [ 0.0, 0.0, 1.0, 6.0 ]
            },
            "west": {
              "texture": "#generic1",
              "uv": [ 0.0, 0.0, 12.0, 6.0 ]
            },
            "up": {
              "texture": "#generic1",
              "uv": [ 0.0, 0.0, 1.0, 12.0 ]
            },
            "down": {
              "texture": "#generic1",
              "uv": [ 0.0, 0.0, 1.0, 12.0 ]
            }
          }
        },
        {
          "name": "Panel11",
          "from": [ 1.5, 20.0, 2.0 ],
          "to": [ 2.5, 26.0, 14.0 ],
          "rotationOrigin": [ 2.0, 2.0, 3.0 ],
          "rotationZ": -67.5,
          "faces": {
            "north": {
              "texture": "#generic1",
              "uv": [ 0.0, 0.0, 1.0, 6.0 ]
            },
            "east": {
              "texture": "#generic1",
              "uv": [ 0.0, 0.0, 12.0, 6.0 ]
            },
            "south": {
              "texture": "#generic1",
              "uv": [ 0.0, 0.0, 1.0, 6.0 ]
            },
            "west": {
              "texture": "#generic1",
              "uv": [ 0.0, 0.0, 12.0, 6.0 ]
            },
            "up": {
              "texture": "#generic1",
              "uv": [ 0.0, 0.0, 1.0, 12.0 ]
            },
            "down": {
              "texture": "#generic1",
              "uv": [ 0.0, 0.0, 1.0, 12.0 ]
            }
          }
        },
        {
          "name": "Panel12",
          "from": [ 1.5, 20.0, 2.0 ],
          "to": [ 2.5, 26.0, 14.0 ],
          "rotationOrigin": [ 2.0, 2.0, 3.0 ],
          "rotationZ": -90.0,
          "faces": {
            "north": {
              "texture": "#generic1",
              "uv": [ 0.0, 0.0, 1.0, 6.0 ]
            },
            "east": {
              "texture": "#generic1",
              "uv": [ 0.0, 0.0, 12.0, 6.0 ]
            },
            "south": {
              "texture": "#generic1",
              "uv": [ 0.0, 0.0, 1.0, 6.0 ]
            },
            "west": {
              "texture": "#generic1",
              "uv": [ 0.0, 0.0, 12.0, 6.0 ]
            },
            "up": {
              "texture": "#generic1",
              "uv": [ 0.0, 0.0, 1.0, 12.0 ]
            },
            "down": {
              "texture": "#generic1",
              "uv": [ 0.0, 0.0, 1.0, 12.0 ]
            }
          }
        },
        {
          "name": "Panel13",
          "from": [ 1.5, 20.0, 2.0 ],
          "to": [ 2.5, 26.0, 14.0 ],
          "rotationOrigin": [ 2.0, 2.0, 3.0 ],
          "rotationZ": -112.5,
          "faces": {
            "north": {
              "texture": "#generic1",
              "uv": [ 0.0, 0.0, 1.0, 6.0 ]
            },
            "east": {
              "texture": "#generic1",
              "uv": [ 0.0, 0.0, 12.0, 6.0 ]
            },
            "south": {
              "texture": "#generic1",
              "uv": [ 0.0, 0.0, 1.0, 6.0 ]
            },
            "west": {
              "texture": "#generic1",
              "uv": [ 0.0, 0.0, 12.0, 6.0 ]
            },
            "up": {
              "texture": "#generic1",
              "uv": [ 0.0, 0.0, 1.0, 12.0 ]
            },
            "down": {
              "texture": "#generic1",
              "uv": [ 0.0, 0.0, 1.0, 12.0 ]
            }
          }
        },
        {
          "name": "Panel14",
          "from": [ 1.5, 20.0, 2.0 ],
          "to": [ 2.5, 26.0, 14.0 ],
          "rotationOrigin": [ 2.0, 2.0, 3.0 ],
          "rotationZ": -135.0,
          "faces": {
            "north": {
              "texture": "#generic1",
              "uv": [ 0.0, 0.0, 1.0, 6.0 ]
            },
            "east": {
              "texture": "#generic1",
              "uv": [ 0.0, 0.0, 12.0, 6.0 ]
            },
            "south": {
              "texture": "#generic1",
              "uv": [ 0.0, 0.0, 1.0, 6.0 ]
            },
            "west": {
              "texture": "#generic1",
              "uv": [ 0.0, 0.0, 12.0, 6.0 ]
            },
            "up": {
              "texture": "#generic1",
              "uv": [ 0.0, 0.0, 1.0, 12.0 ]
            },
            "down": {
              "texture": "#generic1",
              "uv": [ 0.0, 0.0, 1.0, 12.0 ]
            }
          }
        },
        {
          "name": "Panel15",
          "from": [ 1.5, 20.0, 2.0 ],
          "to": [ 2.5, 26.0, 14.0 ],
          "rotationOrigin": [ 2.0, 2.0, 3.0 ],
          "rotationZ": -157.5,
          "faces": {
            "north": {
              "texture": "#generic1",
              "uv": [ 0.0, 0.0, 1.0, 6.0 ]
            },
            "east": {
              "texture": "#generic1",
              "uv": [ 0.0, 0.0, 12.0, 6.0 ]
            },
            "south": {
              "texture": "#generic1",
              "uv": [ 0.0, 0.0, 1.0, 6.0 ]
            },
            "west": {
              "texture": "#generic1",
              "uv": [ 0.0, 0.0, 12.0, 6.0 ]
            },
            "up": {
              "texture": "#generic1",
              "uv": [ 0.0, 0.0, 1.0, 12.0 ]
            },
            "down": {
              "texture": "#generic1",
              "uv": [ 0.0, 0.0, 1.0, 12.0 ]
            }
          }
        }
      ]
    },
    {
      "name": "WheelRoot",
      "from": [ 0.0, 0.0, 16.0 ],
      "to": [ 0.0, 0.0, 16.0 ],
      "rotationOrigin": [ 0.0, 0.0, 16.0 ],
      "faces": {
        "north": {
          "texture": "#generic1",
          "uv": [ 0.0, 0.0, 0.5, 0.5 ]
        },
        "east": {
          "texture": "#generic1",
          "uv": [ 0.0, 0.0, 0.5, 0.5 ]
        },
        "south": {
          "texture": "#generic1",
          "uv": [ 0.0, 0.0, 0.5, 0.5 ]
        },
        "west": {
          "texture": "#generic1",
          "uv": [ 0.0, 0.0, 0.5, 0.5 ]
        },
        "up": {
          "texture": "#generic1",
          "uv": [ 0.0, 0.0, 0.5, 0.5 ]
        },
        "down": {
          "texture": "#generic1",
          "uv": [ 0.0, 0.0, 0.5, 0.5 ]
        }
      },
      "children": [
        {
          "name": "RimUp",
          "from": [ 3.4, 27.0, -3.0 ],
          "to": [ 12.6, 31.0, -1.0 ],
          "rotationOrigin": [ 8.0, 8.0, -1.0 ],
          "faces": {
            "north": {
              "texture": "#generic1",
              "uv": [ 0.0, 0.0, 9.0, 4.0 ]
            },
            "east": {
              "texture": "#generic1",
              "uv": [ 0.0, 0.0, 2.0, 4.0 ]
            },
            "south": {
              "texture": "#generic1",
              "uv": [ 0.0, 0.0, 9.0, 4.0 ]
            },
            "west": {
              "texture": "#generic1",
              "uv": [ 0.0, 0.0, 2.0, 4.0 ]
            },
            "up": {
              "texture": "#generic1",
              "uv": [ 0.0, 0.0, 9.0, 2.0 ]
            },
            "down": {
              "texture": "#generic1",
              "uv": [ 0.0, 0.0, 9.0, 2.0 ]
            }
          },
          "children": [
            {
              "name": "Rim1W11",
              "from": [ 0.0, 0.0, 0.01 ],
              "to": [ 9.2, 4.0, 2.01 ],
              "rotationOrigin": [ 4.6, -19.0, 2.0 ],
              "rotationZ": 22.5,
              "faces": {
                "north": {
                  "texture": "#generic1",
                  "uv": [ 0.0, 0.0, 9.0, 4.0 ]
                },
                "east": {
                  "texture": "#generic1",
                  "uv": [ 0.0, 0.0, 2.0, 4.0 ]
                },
                "south": {
                  "texture": "#generic1",
                  "uv": [ 0.0, 0.0, 9.0, 4.0 ]
                },
                "west": {
                  "texture": "#generic1",
                  "uv": [ 0.0, 0.0, 2.0, 4.0 ]
                },
                "up": {
                  "texture": "#generic1",
                  "uv": [ 0.0, 0.0, 9.0, 2.0 ]
                },
                "down": {
                  "texture": "#generic1",
                  "uv": [ 0.0, 0.0, 9.0, 2.0 ]
                }
              }
            },
            {
              "name": "Rim1W12",
              "from": [ 0.0, 0.0, 0.0 ],
              "to": [ 9.2, 4.0, 2.0 ],
              "rotationOrigin": [ 4.6, -19.0, 2.0 ],
              "rotationZ": 45.0,
              "faces": {
                "north": {
                  "texture": "#generic1",
                  "uv": [ 0.0, 0.0, 9.0, 4.0 ]
                },
                "east": {
                  "texture": "#generic1",
                  "uv": [ 0.0, 0.0, 2.0, 4.0 ]
                },
                "south": {
                  "texture": "#generic1",
                  "uv": [ 0.0, 0.0, 9.0, 4.0 ]
                },
                "west": {
                  "texture": "#generic1",
                  "uv": [ 0.0, 0.0, 2.0, 4.0 ]
                },
                "up": {
                  "texture": "#generic1",
                  "uv": [ 0.0, 0.0, 9.0, 2.0 ]
                },
                "down": {
                  "texture": "#generic1",
                  "uv": [ 0.0, 0.0, 9.0, 2.0 ]
                }
              }
            },
            {
              "name": "Rim1W13",
              "from": [ 0.0, 0.0, 0.01 ],
              "to": [ 9.2, 4.0, 2.01 ],
              "rotationOrigin": [ 4.6, -19.0, 2.0 ],
              "rotationZ": 67.5,
              "faces": {
                "north": {
                  "texture": "#generic1",
                  "uv": [ 0.0, 0.0, 9.0, 4.0 ]
                },
                "east": {
                  "texture": "#generic1",
                  "uv": [ 0.0, 0.0, 2.0, 4.0 ]
                },
                "south": {
                  "texture": "#generic1",
                  "uv": [ 0.0, 0.0, 9.0, 4.0 ]
                },
                "west": {
                  "texture": "#generic1",
                  "uv": [ 0.0, 0.0, 2.0, 4.0 ]
                },
                "up": {
                  "texture": "#generic1",
                  "uv": [ 0.0, 0.0, 9.0, 2.0 ]
                },
                "down": {
                  "texture": "#generic1",
                  "uv": [ 0.0, 0.0, 9.0, 2.0 ]
                }
              }
            }
          ]
        },
        {
          "name": "RimLeft",
          "from": [ 3.4, 27.0, -3.0 ],
          "to": [ 12.6, 31.0, -1.0 ],
          "rotationOrigin": [ 8.0, 8.0, -1.0 ],
          "rotationZ": 90.0,
          "faces": {
            "north": {
              "texture": "#generic1",
              "uv": [ 0.0, 0.0, 9.0, 4.0 ]
            },
            "east": {
              "texture": "#generic1",
              "uv": [ 0.0, 0.0, 2.0, 4.0 ]
            },
            "south": {
              "texture": "#generic1",
              "uv": [ 0.0, 0.0, 9.0, 4.0 ]
            },
            "west": {
              "texture": "#generic1",
              "uv": [ 0.0, 0.0, 2.0, 4.0 ]
            },
            "up": {
              "texture": "#generic1",
              "uv": [ 0.0, 0.0, 9.0, 2.0 ]
            },
            "down": {
              "texture": "#generic1",
              "uv": [ 0.0, 0.0, 9.0, 2.0 ]
            }
          },
          "children": [
            {
              "name": "Rim1W1-4",
              "from": [ 0.0, 0.0, 0.01 ],
              "to": [ 9.2, 4.0, 2.01 ],
              "rotationOrigin": [ 4.6, -19.0, 2.0 ],
              "rotationZ": 22.5,
              "faces": {
                "north": {
                  "texture": "#generic1",
                  "uv": [ 0.0, 0.0, 9.0, 4.0 ]
                },
                "east": {
                  "texture": "#generic1",
                  "uv": [ 0.0, 0.0, 2.0, 4.0 ]
                },
                "south": {
                  "texture": "#generic1",
                  "uv": [ 0.0, 0.0, 9.0, 4.0 ]
                },
                "west": {
                  "texture": "#generic1",
                  "uv": [ 0.0, 0.0, 2.0, 4.0 ]
                },
                "up": {
                  "texture": "#generic1",
                  "uv": [ 0.0, 0.0, 9.0, 2.0 ]
                },
                "down": {
                  "texture": "#generic1",
                  "uv": [ 0.0, 0.0, 9.0, 2.0 ]
                }
              }
            },
            {
              "name": "Rim1W15",
              "from": [ 0.0, 0.0, 0.0 ],
              "to": [ 9.2, 4.0, 2.0 ],
              "rotationOrigin": [ 4.6, -19.0, 2.0 ],
              "rotationZ": 45.0,
              "faces": {
                "north": {
                  "texture": "#generic1",
                  "uv": [ 0.0, 0.0, 9.0, 4.0 ]
                },
                "east": {
                  "texture": "#generic1",
                  "uv": [ 0.0, 0.0, 2.0, 4.0 ]
                },
                "south": {
                  "texture": "#generic1",
                  "uv": [ 0.0, 0.0, 9.0, 4.0 ]
                },
                "west": {
                  "texture": "#generic1",
                  "uv": [ 0.0, 0.0, 2.0, 4.0 ]
                },
                "up": {
                  "texture": "#generic1",
                  "uv": [ 0.0, 0.0, 9.0, 2.0 ]
                },
                "down": {
                  "texture": "#generic1",
                  "uv": [ 0.0, 0.0, 9.0, 2.0 ]
                }
              }
            },
            {
              "name": "Rim1W16",
              "from": [ 0.0, 0.0, 0.01 ],
              "to": [ 9.2, 4.0, 2.01 ],
              "rotationOrigin": [ 4.6, -19.0, 2.0 ],
              "rotationZ": 67.5,
              "faces": {
                "north": {
                  "texture": "#generic1",
                  "uv": [ 0.0, 0.0, 9.0, 4.0 ]
                },
                "east": {
                  "texture": "#generic1",
                  "uv": [ 0.0, 0.0, 2.0, 4.0 ]
                },
                "south": {
                  "texture": "#generic1",
                  "uv": [ 0.0, 0.0, 9.0, 4.0 ]
                },
                "west": {
                  "texture": "#generic1",
                  "uv": [ 0.0, 0.0, 2.0, 4.0 ]
                },
                "up": {
                  "texture": "#generic1",
                  "uv": [ 0.0, 0.0, 9.0, 2.0 ]
                },
                "down": {
                  "texture": "#generic1",
                  "uv": [ 0.0, 0.0, 9.0, 2.0 ]
                }
              }
            }
          ]
        },
        {
          "name": "RimDown",
          "from": [ 3.4, 27.0, -3.0 ],
          "to": [ 12.6, 31.0, -1.0 ],
          "rotationOrigin": [ 8.0, 8.0, -1.0 ],
          "rotationZ": -180.0,
          "faces": {
            "north": {
              "texture": "#generic1",
              "uv": [ 0.0, 0.0, 9.0, 4.0 ]
            },
            "east": {
              "texture": "#generic1",
              "uv": [ 0.0, 0.0, 2.0, 4.0 ]
            },
            "south": {
              "texture": "#generic1",
              "uv": [ 0.0, 0.0, 9.0, 4.0 ]
            },
            "west": {
              "texture": "#generic1",
              "uv": [ 0.0, 0.0, 2.0, 4.0 ]
            },
            "up": {
              "texture": "#generic1",
              "uv": [ 0.0, 0.0, 9.0, 2.0 ]
            },
            "down": {
              "texture": "#generic1",
              "uv": [ 0.0, 0.0, 9.0, 2.0 ]
            }
          },
          "children": [
            {
              "name": "Rim1W20",
              "from": [ 0.0, 0.0, 0.01 ],
              "to": [ 9.2, 4.0, 2.01 ],
              "rotationOrigin": [ 4.6, -19.0, 2.0 ],
              "rotationZ": 22.5,
              "faces": {
                "north": {
                  "texture": "#generic1",
                  "uv": [ 0.0, 0.0, 9.0, 4.0 ]
                },
                "east": {
                  "texture": "#generic1",
                  "uv": [ 0.0, 0.0, 2.0, 4.0 ]
                },
                "south": {
                  "texture": "#generic1",
                  "uv": [ 0.0, 0.0, 9.0, 4.0 ]
                },
                "west": {
                  "texture": "#generic1",
                  "uv": [ 0.0, 0.0, 2.0, 4.0 ]
                },
                "up": {
                  "texture": "#generic1",
                  "uv": [ 0.0, 0.0, 9.0, 2.0 ]
                },
                "down": {
                  "texture": "#generic1",
                  "uv": [ 0.0, 0.0, 9.0, 2.0 ]
                }
              }
            },
            {
              "name": "Rim1W18",
              "from": [ 0.0, 0.0, 0.0 ],
              "to": [ 9.2, 4.0, 2.0 ],
              "rotationOrigin": [ 4.6, -19.0, 2.0 ],
              "rotationZ": 45.0,
              "faces": {
                "north": {
                  "texture": "#generic1",
                  "uv": [ 0.0, 0.0, 9.0, 4.0 ]
                },
                "east": {
                  "texture": "#generic1",
                  "uv": [ 0.0, 0.0, 2.0, 4.0 ]
                },
                "south": {
                  "texture": "#generic1",
                  "uv": [ 0.0, 0.0, 9.0, 4.0 ]
                },
                "west": {
                  "texture": "#generic1",
                  "uv": [ 0.0, 0.0, 2.0, 4.0 ]
                },
                "up": {
                  "texture": "#generic1",
                  "uv": [ 0.0, 0.0, 9.0, 2.0 ]
                },
                "down": {
                  "texture": "#generic1",
                  "uv": [ 0.0, 0.0, 9.0, 2.0 ]
                }
              }
            },
            {
              "name": "Rim1W19",
              "from": [ 0.0, 0.0, 0.01 ],
              "to": [ 9.2, 4.0, 2.01 ],
              "rotationOrigin": [ 4.6, -19.0, 2.0 ],
              "rotationZ": 67.5,
              "faces": {
                "north": {
                  "texture": "#generic1",
                  "uv": [ 0.0, 0.0, 9.0, 4.0 ]
                },
                "east": {
                  "texture": "#generic1",
                  "uv": [ 0.0, 0.0, 2.0, 4.0 ]
                },
                "south": {
                  "texture": "#generic1",
                  "uv": [ 0.0, 0.0, 9.0, 4.0 ]
                },
                "west": {
                  "texture": "#generic1",
                  "uv": [ 0.0, 0.0, 2.0, 4.0 ]
                },
                "up": {
                  "texture": "#generic1",
                  "uv": [ 0.0, 0.0, 9.0, 2.0 ]
                },
                "down": {
                  "texture": "#generic1",
                  "uv": [ 0.0, 0.0, 9.0, 2.0 ]
                }
              }
            }
          ]
        },
        {
          "name": "RimEast",
          "from": [ 3.4, 27.0, -3.0 ],
          "to": [ 12.6, 31.0, -1.0 ],
          "rotationOrigin": [ 8.0, 8.0, -1.0 ],
          "rotationZ": -90.0,
          "faces": {
            "north": {
              "texture": "#generic1",
              "uv": [ 0.0, 0.0, 9.0, 4.0 ]
            },
            "east": {
              "texture": "#generic1",
              "uv": [ 0.0, 0.0, 2.0, 4.0 ]
            },
            "south": {
              "texture": "#generic1",
              "uv": [ 0.0, 0.0, 9.0, 4.0 ]
            },
            "west": {
              "texture": "#generic1",
              "uv": [ 0.0, 0.0, 2.0, 4.0 ]
            },
            "up": {
              "texture": "#generic1",
              "uv": [ 0.0, 0.0, 9.0, 2.0 ]
            },
            "down": {
              "texture": "#generic1",
              "uv": [ 0.0, 0.0, 9.0, 2.0 ]
            }
          },
          "children": [
            {
              "name": "Rim1W22",
              "from": [ 0.0, 0.0, 0.01 ],
              "to": [ 9.2, 4.0, 2.01 ],
              "rotationOrigin": [ 4.6, -19.0, 2.0 ],
              "rotationZ": 22.5,
              "faces": {
                "north": {
                  "texture": "#generic1",
                  "uv": [ 0.0, 0.0, 9.0, 4.0 ]
                },
                "east": {
                  "texture": "#generic1",
                  "uv": [ 0.0, 0.0, 2.0, 4.0 ]
                },
                "south": {
                  "texture": "#generic1",
                  "uv": [ 0.0, 0.0, 9.0, 4.0 ]
                },
                "west": {
                  "texture": "#generic1",
                  "uv": [ 0.0, 0.0, 2.0, 4.0 ]
                },
                "up": {
                  "texture": "#generic1",
                  "uv": [ 0.0, 0.0, 9.0, 2.0 ]
                },
                "down": {
                  "texture": "#generic1",
                  "uv": [ 0.0, 0.0, 9.0, 2.0 ]
                }
              }
            },
            {
              "name": "Rim1W23",
              "from": [ 0.0, 0.0, 0.0 ],
              "to": [ 9.2, 4.0, 2.0 ],
              "rotationOrigin": [ 4.6, -19.0, 2.0 ],
              "rotationZ": 45.0,
              "faces": {
                "north": {
                  "texture": "#generic1",
                  "uv": [ 0.0, 0.0, 9.0, 4.0 ]
                },
                "east": {
                  "texture": "#generic1",
                  "uv": [ 0.0, 0.0, 2.0, 4.0 ]
                },
                "south": {
                  "texture": "#generic1",
                  "uv": [ 0.0, 0.0, 9.0, 4.0 ]
                },
                "west": {
                  "texture": "#generic1",
                  "uv": [ 0.0, 0.0, 2.0, 4.0 ]
                },
                "up": {
                  "texture": "#generic1",
                  "uv": [ 0.0, 0.0, 9.0, 2.0 ]
                },
                "down": {
                  "texture": "#generic1",
                  "uv": [ 0.0, 0.0, 9.0, 2.0 ]
                }
              }
            },
            {
              "name": "Rim1W24",
              "from": [ 0.0, 0.0, 0.01 ],
              "to": [ 9.2, 4.0, 2.01 ],
              "rotationOrigin": [ 4.6, -19.0, 2.0 ],
              "rotationZ": 67.5,
              "faces": {
                "north": {
                  "texture": "#generic1",
                  "uv": [ 0.0, 0.0, 9.0, 4.0 ]
                },
                "east": {
                  "texture": "#generic1",
                  "uv": [ 0.0, 0.0, 2.0, 4.0 ]
                },
                "south": {
                  "texture": "#generic1",
                  "uv": [ 0.0, 0.0, 9.0, 4.0 ]
                },
                "west": {
                  "texture": "#generic1",
                  "uv": [ 0.0, 0.0, 2.0, 4.0 ]
                },
                "up": {
                  "texture": "#generic1",
                  "uv": [ 0.0, 0.0, 9.0, 2.0 ]
                },
                "down": {
                  "texture": "#generic1",
                  "uv": [ 0.0, 0.0, 9.0, 2.0 ]
                }
              }
            }
          ]
        },
        {
          "name": "RimUp2",
          "from": [ 3.4, 27.0, -15.0 ],
          "to": [ 12.6, 31.0, -13.0 ],
          "rotationOrigin": [ 8.0, 8.0, -13.0 ],
          "faces": {
            "north": {
              "texture": "#generic1",
              "uv": [ 0.0, 0.0, 9.0, 4.0 ]
            },
            "east": {
              "texture": "#generic1",
              "uv": [ 0.0, 0.0, 2.0, 4.0 ]
            },
            "south": {
              "texture": "#generic1",
              "uv": [ 0.0, 0.0, 9.0, 4.0 ]
            },
            "west": {
              "texture": "#generic1",
              "uv": [ 0.0, 0.0, 2.0, 4.0 ]
            },
            "up": {
              "texture": "#generic1",
              "uv": [ 0.0, 0.0, 9.0, 2.0 ]
            },
            "down": {
              "texture": "#generic1",
              "uv": [ 0.0, 0.0, 9.0, 2.0 ]
            }
          },
          "children": [
            {
              "name": "Rim2W251",
              "from": [ 0.0, 0.0, 0.01 ],
              "to": [ 9.2, 4.0, 2.01 ],
              "rotationOrigin": [ 4.6, -19.0, 2.0 ],
              "rotationZ": 22.5,
              "faces": {
                "north": {
                  "texture": "#generic1",
                  "uv": [ 0.0, 0.0, 9.0, 4.0 ]
                },
                "east": {
                  "texture": "#generic1",
                  "uv": [ 0.0, 0.0, 2.0, 4.0 ]
                },
                "south": {
                  "texture": "#generic1",
                  "uv": [ 0.0, 0.0, 9.0, 4.0 ]
                },
                "west": {
                  "texture": "#generic1",
                  "uv": [ 0.0, 0.0, 2.0, 4.0 ]
                },
                "up": {
                  "texture": "#generic1",
                  "uv": [ 0.0, 0.0, 9.0, 2.0 ]
                },
                "down": {
                  "texture": "#generic1",
                  "uv": [ 0.0, 0.0, 9.0, 2.0 ]
                }
              }
            },
            {
              "name": "Rim2W252",
              "from": [ 0.0, 0.0, 0.0 ],
              "to": [ 9.2, 4.0, 2.0 ],
              "rotationOrigin": [ 4.6, -19.0, 2.0 ],
              "rotationZ": 45.0,
              "faces": {
                "north": {
                  "texture": "#generic1",
                  "uv": [ 0.0, 0.0, 9.0, 4.0 ]
                },
                "east": {
                  "texture": "#generic1",
                  "uv": [ 0.0, 0.0, 2.0, 4.0 ]
                },
                "south": {
                  "texture": "#generic1",
                  "uv": [ 0.0, 0.0, 9.0, 4.0 ]
                },
                "west": {
                  "texture": "#generic1",
                  "uv": [ 0.0, 0.0, 2.0, 4.0 ]
                },
                "up": {
                  "texture": "#generic1",
                  "uv": [ 0.0, 0.0, 9.0, 2.0 ]
                },
                "down": {
                  "texture": "#generic1",
                  "uv": [ 0.0, 0.0, 9.0, 2.0 ]
                }
              }
            },
            {
              "name": "Rim2W253",
              "from": [ 0.0, 0.0, 0.01 ],
              "to": [ 9.2, 4.0, 2.01 ],
              "rotationOrigin": [ 4.6, -19.0, 2.0 ],
              "rotationZ": 67.5,
              "faces": {
                "north": {
                  "texture": "#generic1",
                  "uv": [ 0.0, 0.0, 9.0, 4.0 ]
                },
                "east": {
                  "texture": "#generic1",
                  "uv": [ 0.0, 0.0, 2.0, 4.0 ]
                },
                "south": {
                  "texture": "#generic1",
                  "uv": [ 0.0, 0.0, 9.0, 4.0 ]
                },
                "west": {
                  "texture": "#generic1",
                  "uv": [ 0.0, 0.0, 2.0, 4.0 ]
                },
                "up": {
                  "texture": "#generic1",
                  "uv": [ 0.0, 0.0, 9.0, 2.0 ]
                },
                "down": {
                  "texture": "#generic1",
                  "uv": [ 0.0, 0.0, 9.0, 2.0 ]
                }
              }
            }
          ]
        },
        {
          "name": "RimWest2",
          "from": [ 3.4, 27.0, -15.0 ],
          "to": [ 12.6, 31.0, -13.0 ],
          "rotationOrigin": [ 8.0, 8.0, -13.0 ],
          "rotationZ": 90.0,
          "faces": {
            "north": {
              "texture": "#generic1",
              "uv": [ 0.0, 0.0, 9.0, 4.0 ]
            },
            "east": {
              "texture": "#generic1",
              "uv": [ 0.0, 0.0, 2.0, 4.0 ]
            },
            "south": {
              "texture": "#generic1",
              "uv": [ 0.0, 0.0, 9.0, 4.0 ]
            },
            "west": {
              "texture": "#generic1",
              "uv": [ 0.0, 0.0, 2.0, 4.0 ]
            },
            "up": {
              "texture": "#generic1",
              "uv": [ 0.0, 0.0, 9.0, 2.0 ]
            },
            "down": {
              "texture": "#generic1",
              "uv": [ 0.0, 0.0, 9.0, 2.0 ]
            }
          },
          "children": [
            {
              "name": "Rim2W28",
              "from": [ 0.0, 0.0, 0.01 ],
              "to": [ 9.2, 4.0, 2.01 ],
              "rotationOrigin": [ 4.6, -19.0, 2.0 ],
              "rotationZ": 22.5,
              "faces": {
                "north": {
                  "texture": "#generic1",
                  "uv": [ 0.0, 0.0, 9.0, 4.0 ]
                },
                "east": {
                  "texture": "#generic1",
                  "uv": [ 0.0, 0.0, 2.0, 4.0 ]
                },
                "south": {
                  "texture": "#generic1",
                  "uv": [ 0.0, 0.0, 9.0, 4.0 ]
                },
                "west": {
                  "texture": "#generic1",
                  "uv": [ 0.0, 0.0, 2.0, 4.0 ]
                },
                "up": {
                  "texture": "#generic1",
                  "uv": [ 0.0, 0.0, 9.0, 2.0 ]
                },
                "down": {
                  "texture": "#generic1",
                  "uv": [ 0.0, 0.0, 9.0, 2.0 ]
                }
              }
            },
            {
              "name": "Rim2W29",
              "from": [ 0.0, 0.0, 0.0 ],
              "to": [ 9.2, 4.0, 2.0 ],
              "rotationOrigin": [ 4.6, -19.0, 2.0 ],
              "rotationZ": 45.0,
              "faces": {
                "north": {
                  "texture": "#generic1",
                  "uv": [ 0.0, 0.0, 9.0, 4.0 ]
                },
                "east": {
                  "texture": "#generic1",
                  "uv": [ 0.0, 0.0, 2.0, 4.0 ]
                },
                "south": {
                  "texture": "#generic1",
                  "uv": [ 0.0, 0.0, 9.0, 4.0 ]
                },
                "west": {
                  "texture": "#generic1",
                  "uv": [ 0.0, 0.0, 2.0, 4.0 ]
                },
                "up": {
                  "texture": "#generic1",
                  "uv": [ 0.0, 0.0, 9.0, 2.0 ]
                },
                "down": {
                  "texture": "#generic1",
                  "uv": [ 0.0, 0.0, 9.0, 2.0 ]
                }
              }
            },
            {
              "name": "Rim2W30",
              "from": [ 0.0, 0.0, 0.01 ],
              "to": [ 9.2, 4.0, 2.01 ],
              "rotationOrigin": [ 4.6, -19.0, 2.0 ],
              "rotationZ": 67.5,
              "faces": {
                "north": {
                  "texture": "#generic1",
                  "uv": [ 0.0, 0.0, 9.0, 4.0 ]
                },
                "east": {
                  "texture": "#generic1",
                  "uv": [ 0.0, 0.0, 2.0, 4.0 ]
                },
                "south": {
                  "texture": "#generic1",
                  "uv": [ 0.0, 0.0, 9.0, 4.0 ]
                },
                "west": {
                  "texture": "#generic1",
                  "uv": [ 0.0, 0.0, 2.0, 4.0 ]
                },
                "up": {
                  "texture": "#generic1",
                  "uv": [ 0.0, 0.0, 9.0, 2.0 ]
                },
                "down": {
                  "texture": "#generic1",
                  "uv": [ 0.0, 0.0, 9.0, 2.0 ]
                }
              }
            }
          ]
        },
        {
          "name": "RimDown2",
          "from": [ 3.4, 27.0, -15.0 ],
          "to": [ 12.6, 31.0, -13.0 ],
          "rotationOrigin": [ 8.0, 8.0, -13.0 ],
          "rotationZ": -180.0,
          "faces": {
            "north": {
              "texture": "#generic1",
              "uv": [ 0.0, 0.0, 9.0, 4.0 ]
            },
            "east": {
              "texture": "#generic1",
              "uv": [ 0.0, 0.0, 2.0, 4.0 ]
            },
            "south": {
              "texture": "#generic1",
              "uv": [ 0.0, 0.0, 9.0, 4.0 ]
            },
            "west": {
              "texture": "#generic1",
              "uv": [ 0.0, 0.0, 2.0, 4.0 ]
            },
            "up": {
              "texture": "#generic1",
              "uv": [ 0.0, 0.0, 9.0, 2.0 ]
            },
            "down": {
              "texture": "#generic1",
              "uv": [ 0.0, 0.0, 9.0, 2.0 ]
            }
          },
          "children": [
            {
              "name": "Rim2W32",
              "from": [ 0.0, 0.0, 0.01 ],
              "to": [ 9.2, 4.0, 2.01 ],
              "rotationOrigin": [ 4.6, -19.0, 2.0 ],
              "rotationZ": 22.5,
              "faces": {
                "north": {
                  "texture": "#generic1",
                  "uv": [ 0.0, 0.0, 9.0, 4.0 ]
                },
                "east": {
                  "texture": "#generic1",
                  "uv": [ 0.0, 0.0, 2.0, 4.0 ]
                },
                "south": {
                  "texture": "#generic1",
                  "uv": [ 0.0, 0.0, 9.0, 4.0 ]
                },
                "west": {
                  "texture": "#generic1",
                  "uv": [ 0.0, 0.0, 2.0, 4.0 ]
                },
                "up": {
                  "texture": "#generic1",
                  "uv": [ 0.0, 0.0, 9.0, 2.0 ]
                },
                "down": {
                  "texture": "#generic1",
                  "uv": [ 0.0, 0.0, 9.0, 2.0 ]
                }
              }
            },
            {
              "name": "Rim2W33",
              "from": [ 0.0, 0.0, 0.0 ],
              "to": [ 9.2, 4.0, 2.0 ],
              "rotationOrigin": [ 4.6, -19.0, 2.0 ],
              "rotationZ": 45.0,
              "faces": {
                "north": {
                  "texture": "#generic1",
                  "uv": [ 0.0, 0.0, 9.0, 4.0 ]
                },
                "east": {
                  "texture": "#generic1",
                  "uv": [ 0.0, 0.0, 2.0, 4.0 ]
                },
                "south": {
                  "texture": "#generic1",
                  "uv": [ 0.0, 0.0, 9.0, 4.0 ]
                },
                "west": {
                  "texture": "#generic1",
                  "uv": [ 0.0, 0.0, 2.0, 4.0 ]
                },
                "up": {
                  "texture": "#generic1",
                  "uv": [ 0.0, 0.0, 9.0, 2.0 ]
                },
                "down": {
                  "texture": "#generic1",
                  "uv": [ 0.0, 0.0, 9.0, 2.0 ]
                }
              }
            },
            {
              "name": "Rim2W34",
              "from": [ 0.0, 0.0, 0.01 ],
              "to": [ 9.2, 4.0, 2.01 ],
              "rotationOrigin": [ 4.6, -19.0, 2.0 ],
              "rotationZ": 67.5,
              "faces": {
                "north": {
                  "texture": "#generic1",
                  "uv": [ 0.0, 0.0, 9.0, 4.0 ]
                },
                "east": {
                  "texture": "#generic1",
                  "uv": [ 0.0, 0.0, 2.0, 4.0 ]
                },
                "south": {
                  "texture": "#generic1",
                  "uv": [ 0.0, 0.0, 9.0, 4.0 ]
                },
                "west": {
                  "texture": "#generic1",
                  "uv": [ 0.0, 0.0, 2.0, 4.0 ]
                },
                "up": {
                  "texture": "#generic1",
                  "uv": [ 0.0, 0.0, 9.0, 2.0 ]
                },
                "down": {
                  "texture": "#generic1",
                  "uv": [ 0.0, 0.0, 9.0, 2.0 ]
                }
              }
            }
          ]
        },
        {
          "name": "RimEast2",
          "from": [ 3.4, 27.0, -15.0 ],
          "to": [ 12.6, 31.0, -13.0 ],
          "rotationOrigin": [ 8.0, 8.0, -13.0 ],
          "rotationZ": -90.0,
          "faces": {
            "north": {
              "texture": "#generic1",
              "uv": [ 0.0, 0.0, 9.0, 4.0 ]
            },
            "east": {
              "texture": "#generic1",
              "uv": [ 0.0, 0.0, 2.0, 4.0 ]
            },
            "south": {
              "texture": "#generic1",
              "uv": [ 0.0, 0.0, 9.0, 4.0 ]
            },
            "west": {
              "texture": "#generic1",
              "uv": [ 0.0, 0.0, 2.0, 4.0 ]
            },
            "up": {
              "texture": "#generic1",
              "uv": [ 0.0, 0.0, 9.0, 2.0 ]
            },
            "down": {
              "texture": "#generic1",
              "uv": [ 0.0, 0.0, 9.0, 2.0 ]
            }
          },
          "children": [
            {
              "name": "Rim2W36",
              "from": [ 0.0, 0.0, 0.01 ],
              "to": [ 9.2, 4.0, 2.01 ],
              "rotationOrigin": [ 4.6, -19.0, 2.0 ],
              "rotationZ": 22.5,
              "faces": {
                "north": {
                  "texture": "#generic1",
                  "uv": [ 0.0, 0.0, 9.0, 4.0 ]
                },
                "east": {
                  "texture": "#generic1",
                  "uv": [ 0.0, 0.0, 2.0, 4.0 ]
                },
                "south": {
                  "texture": "#generic1",
                  "uv": [ 0.0, 0.0, 9.0, 4.0 ]
                },
                "west": {
                  "texture": "#generic1",
                  "uv": [ 0.0, 0.0, 2.0, 4.0 ]
                },
                "up": {
                  "texture": "#generic1",
                  "uv": [ 0.0, 0.0, 9.0, 2.0 ]
                },
                "down": {
                  "texture": "#generic1",
                  "uv": [ 0.0, 0.0, 9.0, 2.0 ]
                }
              }
            },
            {
              "name": "Rim2W37",
              "from": [ 0.0, 0.0, 0.0 ],
              "to": [ 9.2, 4.0, 2.0 ],
              "rotationOrigin": [ 4.6, -19.0, 2.0 ],
              "rotationZ": 45.0,
              "faces": {
                "north": {
                  "texture": "#generic1",
                  "uv": [ 0.0, 0.0, 9.0, 4.0 ]
                },
                "east": {
                  "texture": "#generic1",
                  "uv": [ 0.0, 0.0, 2.0, 4.0 ]
                },
                "south": {
                  "texture": "#generic1",
                  "uv": [ 0.0, 0.0, 9.0, 4.0 ]
                },
                "west": {
                  "texture": "#generic1",
                  "uv": [ 0.0, 0.0, 2.0, 4.0 ]
                },
                "up": {
                  "texture": "#generic1",
                  "uv": [ 0.0, 0.0, 9.0, 2.0 ]
                },
                "down": {
                  "texture": "#generic1",
                  "uv": [ 0.0, 0.0, 9.0, 2.0 ]
                }
              }
            },
            {
              "name": "Rim2W38",
              "from": [ 0.0, 0.0, 0.01 ],
              "to": [ 9.2, 4.0, 2.01 ],
              "rotationOrigin": [ 4.6, -19.0, 2.0 ],
              "rotationZ": 67.5,
              "faces": {
                "north": {
                  "texture": "#generic1",
                  "uv": [ 0.0, 0.0, 9.0, 4.0 ]
                },
                "east": {
                  "texture": "#generic1",
                  "uv": [ 0.0, 0.0, 2.0, 4.0 ]
                },
                "south": {
                  "texture": "#generic1",
                  "uv": [ 0.0, 0.0, 9.0, 4.0 ]
                },
                "west": {
                  "texture": "#generic1",
                  "uv": [ 0.0, 0.0, 2.0, 4.0 ]
                },
                "up": {
                  "texture": "#generic1",
                  "uv": [ 0.0, 0.0, 9.0, 2.0 ]
                },
                "down": {
                  "texture": "#generic1",
                  "uv": [ 0.0, 0.0, 9.0, 2.0 ]
                }
              }
            }
          ]
        },
        {
          "name": "SpokeUp",
          "from": [ 7.0, 9.9, -1.2 ],
          "to": [ 9.0, 30.0, -0.2 ],
          "rotationOrigin": [ 8.0, 7.9, -1.2 ],
          "faces": {
            "north": {
              "texture": "#iron1",
              "uv": [ 0.0, 0.0, 2.0, 16.0 ],
              "autoUv": false
            },
            "east": {
              "texture": "#iron1",
              "uv": [ 0.0, 0.0, 1.0, 16.0 ],
              "autoUv": false
            },
            "south": {
              "texture": "#iron1",
              "uv": [ 0.0, 0.0, 2.0, 16.0 ],
              "autoUv": false
            },
            "west": {
              "texture": "#iron1",
              "uv": [ 0.0, 0.0, 1.0, 16.0 ],
              "autoUv": false
            },
            "up": {
              "texture": "#iron1",
              "uv": [ 0.0, 0.0, 3.0, 1.0 ]
            },
            "down": {
              "texture": "#iron1",
              "uv": [ 0.0, 0.0, 3.0, 1.0 ]
            }
          }
        },
        {
          "name": "SpokeDown",
          "from": [ 7.0, -14.0, -1.2 ],
          "to": [ 9.0, 6.1, -0.2 ],
          "rotationOrigin": [ 8.0, 8.0, -1.2 ],
          "faces": {
            "north": {
              "texture": "#iron1",
              "uv": [ 0.0, 0.0, 2.0, 16.0 ],
              "autoUv": false
            },
            "east": {
              "texture": "#iron1",
              "uv": [ 0.0, 0.0, 1.0, 16.0 ],
              "autoUv": false
            },
            "south": {
              "texture": "#iron1",
              "uv": [ 0.0, 0.0, 2.0, 16.0 ],
              "autoUv": false
            },
            "west": {
              "texture": "#iron1",
              "uv": [ 0.0, 0.0, 1.0, 16.0 ],
              "autoUv": false
            },
            "up": {
              "texture": "#iron1",
              "uv": [ 0.0, 0.0, 2.0, 1.0 ]
            },
            "down": {
              "texture": "#iron1",
              "uv": [ 0.0, 0.0, 2.0, 1.0 ]
            }
          }
        },
        {
          "name": "SpokeLeft",
          "from": [ 7.0, 9.9, -1.2 ],
          "to": [ 9.0, 30.0, -0.2 ],
          "rotationOrigin": [ 8.0, 7.9, -1.2 ],
          "rotationZ": 90.0,
          "faces": {
            "north": {
              "texture": "#iron1",
              "uv": [ 0.0, 0.0, 2.0, 16.0 ],
              "autoUv": false
            },
            "east": {
              "texture": "#iron1",
              "uv": [ 0.0, 0.0, 1.0, 16.0 ],
              "autoUv": false
            },
            "south": {
              "texture": "#iron1",
              "uv": [ 0.0, 0.0, 2.0, 16.0 ],
              "autoUv": false
            },
            "west": {
              "texture": "#iron1",
              "uv": [ 0.0, 0.0, 1.0, 16.0 ],
              "autoUv": false
            },
            "up": {
              "texture": "#iron1",
              "uv": [ 0.0, 0.0, 2.0, 1.0 ]
            },
            "down": {
              "texture": "#iron1",
              "uv": [ 0.0, 0.0, 2.0, 1.0 ]
            }
          }
        },
        {
          "name": "SpokeRight",
          "from": [ 7.0, 9.9, -1.2 ],
          "to": [ 9.0, 30.0, -0.2 ],
          "rotationOrigin": [ 8.0, 7.9, -1.2 ],
          "rotationZ": -90.0,
          "faces": {
            "north": {
              "texture": "#iron1",
              "uv": [ 0.0, 0.0, 2.0, 16.0 ],
              "autoUv": false
            },
            "east": {
              "texture": "#iron1",
              "uv": [ 0.0, 0.0, 1.0, 16.0 ],
              "autoUv": false
            },
            "south": {
              "texture": "#iron1",
              "uv": [ 0.0, 0.0, 2.0, 16.0 ],
              "autoUv": false
            },
            "west": {
              "texture": "#iron1",
              "uv": [ 0.0, 0.0, 1.0, 16.0 ],
              "autoUv": false
            },
            "up": {
              "texture": "#iron1",
              "uv": [ 0.0, 0.0, 2.0, 1.0 ]
            },
            "down": {
              "texture": "#iron1",
              "uv": [ 0.0, 0.0, 2.0, 1.0 ]
            }
          }
        },
        {
          "name": "SpokeUp2",
          "from": [ 7.0, 9.9, -15.8 ],
          "to": [ 9.0, 30.0, -14.8 ],
          "rotationOrigin": [ 8.0, 7.9, -15.8 ],
          "faces": {
            "north": {
              "texture": "#iron1",
              "uv": [ 0.0, 0.0, 2.0, 16.0 ],
              "autoUv": false
            },
            "east": {
              "texture": "#iron1",
              "uv": [ 0.0, 0.0, 1.0, 16.0 ],
              "autoUv": false
            },
            "south": {
              "texture": "#iron1",
              "uv": [ 0.0, 0.0, 2.0, 16.0 ],
              "autoUv": false
            },
            "west": {
              "texture": "#iron1",
              "uv": [ 0.0, 0.0, 1.0, 16.0 ],
              "autoUv": false
            },
            "up": {
              "texture": "#iron1",
              "uv": [ 0.0, 0.0, 2.0, 1.0 ]
            },
            "down": {
              "texture": "#iron1",
              "uv": [ 0.0, 0.0, 2.0, 1.0 ]
            }
          }
        },
        {
          "name": "SpokeDown2",
          "from": [ 7.0, -14.0, -15.8 ],
          "to": [ 9.0, 6.1, -14.8 ],
          "rotationOrigin": [ 8.0, 8.0, -15.8 ],
          "faces": {
            "north": {
              "texture": "#iron1",
              "uv": [ 0.0, 0.0, 2.0, 16.0 ],
              "autoUv": false
            },
            "east": {
              "texture": "#iron1",
              "uv": [ 0.0, 0.0, 1.0, 16.0 ],
              "autoUv": false
            },
            "south": {
              "texture": "#iron1",
              "uv": [ 0.0, 0.0, 2.0, 16.0 ],
              "autoUv": false
            },
            "west": {
              "texture": "#iron1",
              "uv": [ 0.0, 0.0, 1.0, 16.0 ],
              "autoUv": false
            },
            "up": {
              "texture": "#iron1",
              "uv": [ 0.0, 0.0, 2.0, 1.0 ]
            },
            "down": {
              "texture": "#iron1",
              "uv": [ 0.0, 0.0, 2.0, 1.0 ]
            }
          }
        },
        {
          "name": "SpokeLeft2",
          "from": [ 7.0, 9.9, -15.8 ],
          "to": [ 9.0, 30.0, -14.8 ],
          "rotationOrigin": [ 8.0, 7.9, -15.8 ],
          "rotationZ": 90.0,
          "faces": {
            "north": {
              "texture": "#iron1",
              "uv": [ 0.0, 0.0, 2.0, 16.0 ],
              "autoUv": false
            },
            "east": {
              "texture": "#iron1",
              "uv": [ 0.0, 0.0, 1.0, 16.0 ],
              "autoUv": false
            },
            "south": {
              "texture": "#iron1",
              "uv": [ 0.0, 0.0, 2.0, 16.0 ],
              "autoUv": false
            },
            "west": {
              "texture": "#iron1",
              "uv": [ 0.0, 0.0, 1.0, 16.0 ],
              "autoUv": false
            },
            "up": {
              "texture": "#iron1",
              "uv": [ 0.0, 0.0, 2.0, 1.0 ]
            },
            "down": {
              "texture": "#iron1",
              "uv": [ 0.0, 0.0, 2.0, 1.0 ]
            }
          }
        },
        {
          "name": "SpokeRight2",
          "from": [ 7.0, 9.9, -15.8 ],
          "to": [ 9.0, 30.0, -14.8 ],
          "rotationOrigin": [ 8.0, 7.9, -15.8 ],
          "rotationZ": -90.0,
          "faces": {
            "north": {
              "texture": "#iron1",
              "uv": [ 0.0, 0.0, 2.0, 16.0 ],
              "autoUv": false
            },
            "east": {
              "texture": "#iron1",
              "uv": [ 0.0, 0.0, 1.0, 16.0 ],
              "autoUv": false
            },
            "south": {
              "texture": "#iron1",
              "uv": [ 0.0, 0.0, 2.0, 16.0 ],
              "autoUv": false
            },
            "west": {
              "texture": "#iron1",
              "uv": [ 0.0, 0.0, 1.0, 16.0 ],
              "autoUv": false
            },
            "up": {
              "texture": "#iron1",
              "uv": [ 0.0, 0.0, 2.0, 1.0 ]
            },
            "down": {
              "texture": "#iron1",
              "uv": [ 0.0, 0.0, 2.0, 1.0 ]
            }
          }
        }
      ]
    }
  ]
}