{
	"editor": {
		"allAngles": false,
		"singleTexture": false
	},
	"textureWidth": 16,
	"textureHeight": 16,
	"textures": {
		"hamper": "item/bag/bigbag/hamper"
	},
	"elements": [
		{
			"name": "N",
			"from": [ 4.0, 0.0, 4.0 ], 
			"to": [ 12.0, 5.0, 5.0 ], 
			"faces": {
				"north": { "texture": "#hamper", "uv": [ 3.5, 7.0, 11.5, 12.0 ] },
				"east": { "texture": "#hamper", "uv": [ 11.0, 5.0, 12.0, 10.0 ] },
				"south": { "texture": "#hamper", "uv": [ 4.0, 3.0, 12.0, 8.0 ] },
				"west": { "texture": "#hamper", "uv": [ 3.0, 4.0, 4.0, 9.0 ] },
				"up": { "texture": "#hamper", "uv": [ 2.0, 0.0, 10.0, 1.0 ] },
				"down": { "texture": "#hamper", "uv": [ 1.0, 2.5, 9.0, 3.5 ] }
			}
		},
		{
			"name": "S",
			"from": [ 4.0, 0.0, 11.0 ], 
			"to": [ 12.0, 5.0, 12.0 ], 
			"faces": {
				"north": { "texture": "#hamper", "uv": [ 4.0, 3.0, 12.0, 8.0 ] },
				"east": { "texture": "#hamper", "uv": [ 12.0, 11.0, 13.0, 16.0 ] },
				"south": { "texture": "#hamper", "uv": [ 4.0, 4.0, 12.0, 9.0 ] },
				"west": { "texture": "#hamper", "uv": [ 3.5, 2.0, 4.5, 7.0 ] },
				"up": { "texture": "#hamper", "uv": [ 2.0, 0.0, 10.0, 1.0 ], "rotation": 180 },
				"down": { "texture": "#hamper", "uv": [ 1.0, 2.0, 9.0, 3.0 ] }
			}
		},
		{
			"name": "W",
			"from": [ 4.0, 0.0, 5.0 ], 
			"to": [ 5.0, 5.0, 11.0 ], 
			"faces": {
				"north": { "texture": "#hamper", "uv": [ 0.0, 0.0, 1.0, 5.0 ], "enabled": false },
				"east": { "texture": "#hamper", "uv": [ 4.5, 2.0, 10.5, 7.0 ] },
				"south": { "texture": "#hamper", "uv": [ 0.0, 0.0, 1.0, 5.0 ], "enabled": false },
				"west": { "texture": "#hamper", "uv": [ 5.0, 10.0, 11.0, 15.0 ] },
				"up": { "texture": "#hamper", "uv": [ 0.0, 0.0, 6.0, 1.0 ], "rotation": 270 },
				"down": { "texture": "#hamper", "uv": [ 2.0, 2.5, 8.0, 3.5 ], "rotation": 90 }
			},
			"children": [
				{
					"name": "handle W",
					"from": [ 0.5, 1.0, 2.5 ], 
					"to": [ 1.5, 8.0, 3.5 ], 
					"faces": {
						"north": { "texture": "#hamper", "uv": [ 4.0, 5.0, 5.0, 12.0 ] },
						"east": { "texture": "#hamper", "uv": [ 4.0, 6.0, 5.0, 13.0 ] },
						"south": { "texture": "#hamper", "uv": [ 4.0, 9.0, 5.0, 16.0 ] },
						"west": { "texture": "#hamper", "uv": [ 4.0, 9.0, 5.0, 16.0 ] },
						"up": { "texture": "#hamper", "uv": [ 4.0, 5.0, 5.0, 6.0 ] },
						"down": { "texture": "#hamper", "uv": [ 0.0, 0.0, 1.0, 1.0 ], "enabled": false }
					}
				},
				{
					"name": "handle E",
					"from": [ 6.5, 1.0, 2.5 ], 
					"to": [ 7.5, 8.0, 3.5 ], 
					"faces": {
						"north": { "texture": "#hamper", "uv": [ 4.0, 5.0, 5.0, 12.0 ] },
						"east": { "texture": "#hamper", "uv": [ 4.0, 6.0, 5.0, 13.0 ] },
						"south": { "texture": "#hamper", "uv": [ 4.0, 9.0, 5.0, 16.0 ] },
						"west": { "texture": "#hamper", "uv": [ 4.0, 9.0, 5.0, 16.0 ] },
						"up": { "texture": "#hamper", "uv": [ 4.0, 5.0, 5.0, 6.0 ] },
						"down": { "texture": "#hamper", "uv": [ 0.0, 0.0, 1.0, 1.0 ], "enabled": false }
					}
				},
				{
					"name": "handle up",
					"from": [ 1.5, 7.5, 2.5 ], 
					"to": [ 6.5, 8.5, 3.5 ], 
					"faces": {
						"north": { "texture": "#hamper", "uv": [ 4.0, 5.0, 9.0, 6.0 ] },
						"east": { "texture": "#hamper", "uv": [ 4.0, 6.0, 5.0, 7.0 ] },
						"south": { "texture": "#hamper", "uv": [ 4.0, 9.0, 9.0, 10.0 ] },
						"west": { "texture": "#hamper", "uv": [ 4.0, 9.0, 5.0, 10.0 ] },
						"up": { "texture": "#hamper", "uv": [ 4.0, 5.0, 9.0, 6.0 ] },
						"down": { "texture": "#hamper", "uv": [ 0.0, 0.0, 5.0, 1.0 ] }
					}
				}
			]
		},
		{
			"name": "E",
			"from": [ 11.0, 0.0, 5.0 ], 
			"to": [ 12.0, 5.0, 11.0 ], 
			"faces": {
				"north": { "texture": "#hamper", "uv": [ 0.0, 0.0, 1.0, 5.0 ], "enabled": false },
				"east": { "texture": "#hamper", "uv": [ 5.0, 5.0, 11.0, 10.0 ] },
				"south": { "texture": "#hamper", "uv": [ 0.0, 0.0, 1.0, 5.0 ], "enabled": false },
				"west": { "texture": "#hamper", "uv": [ 5.0, 2.0, 11.0, 7.0 ] },
				"up": { "texture": "#hamper", "uv": [ 9.0, 0.0, 15.0, 1.0 ], "rotation": 90 },
				"down": { "texture": "#hamper", "uv": [ 5.0, 2.5, 11.0, 3.5 ], "rotation": 90 }
			}
		},
		{
			"name": "floor",
			"from": [ 5.0, 0.0, 5.0 ], 
			"to": [ 11.0, 1.0, 11.0 ], 
			"faces": {
				"north": { "texture": "#hamper", "uv": [ 0.0, 0.0, 6.0, 1.0 ], "enabled": false },
				"east": { "texture": "#hamper", "uv": [ 0.0, 0.0, 6.0, 1.0 ], "enabled": false },
				"south": { "texture": "#hamper", "uv": [ 0.0, 0.0, 6.0, 1.0 ], "enabled": false },
				"west": { "texture": "#hamper", "uv": [ 0.0, 0.0, 6.0, 1.0 ], "enabled": false },
				"up": { "texture": "#hamper", "uv": [ 5.0, 5.0, 11.0, 11.0 ] },
				"down": { "texture": "#hamper", "uv": [ 5.0, 10.0, 11.0, 16.0 ] }
			}
		}
	]}